configuration;run;synthesis_seconds;wall_seconds;audio_seconds;rtf;wall_rtf;exit_code
CPU;1;23.454099999999997;26.02165814000182;8.64;2.714594907407407;3.011765988426136;0
GPU_no_FA;1;6.657100000000001;8.687591522932053;8.96;0.7429799107142857;0.9695972681843807;0
GPU_FA;1;5.2461;6.984703600988723;8.8;0.5961477272727272;0.793716318294173;0
CPU;2;23.333;25.923605000949465;8.64;2.7005787037037035;3.000417245480262;0
GPU_no_FA;2;6.6538;8.53793946292717;8.96;0.7426116071428571;0.9528950293445502;0
GPU_FA;2;5.2231000000000005;6.831546653993428;8.8;0.5935340909090909;0.7763121197719803;0
CPU;3;23.4928;26.07276318699587;8.64;2.719074074074074;3.017680924420818;0
GPU_no_FA;3;6.6473;8.439133132924326;8.96;0.7418861607142857;0.9418675371567327;0
GPU_FA;3;5.2481;7.035100989975035;8.8;0.596375;0.7994432943153449;0
