name,account,phone,balance
Иван Петров,ACC001,+79001234501,15000.50
Мария Смирнова,ACC002,+79001234502,23000.00
Алексей Кузнецов,ACC003,+79001234503,8450.75
Ольга Попова,ACC004,+79001234504,31200.30
Дмитрий Васильев,ACC005,+79001234505,5600.00
Елена Соколова,ACC006,+79001234506,47800.90
Сергей Михайлов,ACC007,+79001234507,12300.45
Анна Новикова,ACC008,+79001234508,7600.20
Николай Фёдоров,ACC009,+79001234509,19800.00
Татьяна Морозова,ACC010,+79001234510,25400.60
Андрей Волков,ACC011,+79001234511,9100.35
Ирина Алексеева,ACC012,+79001234512,33700.80
Павел Лебедев,ACC013,+79001234513,4200.00
Светлана Семёнова,ACC014,+79001234514,28500.15
Максим Егоров,ACC015,+79001234515,16750.70
Наталья Павлова,ACC016,+79001234516,5230.40
Владимир Козлов,ACC017,+79001234517,41200.25
Юлия Степанова,ACC018,+79001234518,8800.00
Артём Николаев,ACC019,+79001234519,22100.55
Екатерина Орлова,ACC020,+79001234520,13500.90
Роман Андреев,ACC021,+79001234521,6400.30
Оксана Макарова,ACC022,+79001234522,30900.00
Денис Никитин,ACC023,+79001234523,11200.45
Людмила Захарова,ACC024,+79001234524,37500.60
Антон Зайцев,ACC025,+79001234525,7900.10
Галина Соловьёва,ACC026,+79001234526,26800.35
Кирилл Борисов,ACC027,+79001234527,14300.00
Валентина Яковлева,ACC028,+79001234528,45100.80
Игорь Григорьев,ACC029,+79001234529,5800.25
Марина Романова,ACC030,+79001234530,29300.50
Станислав Воробьёв,ACC031,+79001234531,10100.00
Дарья Сергеева,ACC032,+79001234532,18600.75
Евгений Фролов,ACC033,+79001234533,7200.40
Кристина Александрова,ACC034,+79001234534,35400.20
Виктор Дмитриев,ACC035,+79001234535,12900.00
Алина Королёва,ACC036,+79001234536,21500.65
Григорий Гусев,ACC037,+79001234537,4900.30
Полина Киселёва,ACC038,+79001234538,39800.00
Леонид Ильин,ACC039,+79001234539,15600.85
Вероника Максимова,ACC040,+79001234540,24200.50
Олег Тихонов,ACC041,+79001234541,8700.00
София Комарова,ACC042,+79001234542,32100.15
Василий Баранов,ACC043,+79001234543,10900.60
Маргарита Кузьмина,ACC044,+79001234544,27400.35
Тимур Медведев,ACC045,+79001234545,6300.00
Лариса Ершова,ACC046,+79001234546,43700.90
Анатолий Филиппов,ACC047,+79001234547,13800.25
Жанна Тарасова,ACC048,+79001234548,20100.70
Борис Беляев,ACC049,+79001234549,9500.00
Валерия Комиссарова,ACC050,+79001234550,36200.45
Геннадий Крылов,ACC051,+79001234551,-1500.00
Эльвира Панова,ACC052,+79001234552,-3200.75
Руслан Трофимов,ACC053,+79001234553,-890.40
Инна Савельева,ACC054,+79001234554,-12450.30
Пётр Гордеев,ACC055,+79001234555,-560.00
Алла Шестакова,ACC056,+79001234556,-7800.90
Семён Логинов,ACC057,+79001234557,-2300.25
Нина Кудрявцева,ACC058,+79001234558,-4150.60
Эдуард Поляков,ACC059,+79001234559,-18900.00
Регина Миронова,ACC060,+79001234560,-720.45